doc_class,cik,accession,document,description,sec_url,transaction_type,price_scope,price_kind,is_patent_asset_sale,price_disclosed,price_value,currency,price_raw,price_sentence,price_unit,patent_sale_sentence,notes,cik_sec,accession_sec,_cik,_acc,_filing_date,deal_id,deal_id_assigned,match_rule
asset_purchase,1002047,000119312511171858,dex24.htm,ASSET PURCHASE AGREEMENT,https://www.sec.gov/Archives/edgar/data/1002047/000119312511171858/dex24.htm,asset_sale_with_ip,business_unit,total_consideration,1,1,480000000.0,USD,"$480,000,000","2.3 Purchase Price In consideration of the grant, bargain, sale, transfer, assignment, conveyance and delivery by Seller and the Subsidiaries of the Purchased Assets to Buyer or a Buyer Designee, and in addition to assuming the Assumed Liabilities, Buyer and/or a Buyer Designee(s) shall pay to Seller or the applicable Subsidiary at the Closing, an aggregate amount equal to four hundred eighty million dollars ($480,000,000) (the “ Purchase Price ”) in cash by wire transfer of immediately available funds to an account designated by Seller’s written instructions to Buyer at least two (2) Business Days prior to the Closing Date.",total,Purchase and Sale of the Engenio Business 14 2.1 Purchase and Sale of Assets 14 2.2 Excluded Assets 15 2.3 Purchase Price 17 2.4 Assumed Liabilities 17 2.5 Excluded Liabilities 18 2.6 Further Assurances; Further Conveyances and Assumptions; Consent of Third Parties 19 2.7 Intellectual Property and Information 21 2.8 Bulk Sales Law 21 2.9 Taxes 22 2.10 Buyer Designee 23 2.11 Performance of Warranty Service; Warranty Reimbursement 23 3.,Price relates to asset/business acquisition that includes IP/patents.,1002047,000119312511171858,,,,,802,cik+midpoint_fallback
asset_purchase,105319,000119312511115257,dex101.htm,"SHARE PURCHASE AGREEMENT DATED APRIL 27, 2011",https://www.sec.gov/Archives/edgar/data/105319/000119312511115257/dex101.htm,financing,financing_securities,,0,0,,,,,per_security,,"Price relates to securities/financing, not an asset/IP sale. [Dropped: financing]",105319,000119312511115257,,,,,1116,cik+midpoint_fallback
asset_purchase,1090872,000119312505235987,dex21.htm,"AMENDMENT NO. 1, DATED AS OF NOVEMBER 30, 2005, TO THE ASSET PURCHASE AGREEMENT",https://www.sec.gov/Archives/edgar/data/1090872/000119312505235987/dex21.htm,asset_sale_with_ip,business_unit,,1,0,,USD,,,,1.2 Schedule 1 to the Purchase Agreement Schedule 1 to the Purchase Agreement referred to in the definition of Transferred Business Intellectual Property is hereby amended and restated in its entirety to read as set forth in Schedule 2 hereto.,No explicit consideration sentence found in text.,1090872,000119312505235987,,,,,1301,cik+midpoint_fallback
asset_purchase,1093557,000119312509015021,dex101.htm,PURCHASE AGREEMENT,https://www.sec.gov/Archives/edgar/data/1093557/000119312509015021/dex101.htm,financing,financing_securities,per_share_consideration,0,0,,,,,per_share,"(xv) The Company owns, possesses, or can acquire on reasonable terms, all Intellectual Property necessary for the conduct of the Company’s business as now conducted or as described in the Registration Statement, the Time of Sale Disclosure Package and the Prospectus to be conducted, except as such failure to own, possess, or acquire such rights would not result in a Material Adverse Change.","Price relates to securities/financing, not an asset/IP sale. [Dropped: financing]",1093557,000119312509015021,,,,,167,cik+midpoint_fallback
asset_purchase,1318605,000156459017017989,tsla-ex101_8.htm,EX-10.1 - PURCHASE AGREEMENT,https://www.sec.gov/Archives/edgar/data/1318605/000156459017017989/tsla-ex101_8.htm,financing,financing_securities,,0,0,,,,,,"(Eastern time) on the date of this Agreement; the Preliminary Offering Circular as supplemented by the information set forth in Schedule III hereto, taken together (collectively, the “Pricing Disclosure Package”) as of the Applicable Time, did not include any untrue statement of a material fact or omit to state any material fact necessary in order to make the statements therein, in the light of the circumstances under which they were made, not misleading; and each Company Supplemental Disclosure Document (as defined in Section 6(a)(i)) listed on Schedule II(b) hereto and each Permitted General Solicitation Material (as defined in Section 6(a)(i)) listed on Schedule II(d) hereto) does not conflict with the information contained in the Preliminary Offering Circular or the Offering Circular a",No explicit consideration sentence found in text. [Dropped: financing],1318605,000156459017017989,,,,,1254,cik+midpoint_fallback
asset_purchase,1490281,000149028113000043,exhibit21-sharepurchaseagr.htm,SHARE PURCHASE AGREEMENT,https://www.sec.gov/Archives/edgar/data/1490281/000149028113000043/exhibit21-sharepurchaseagr.htm,financing,financing_securities,,0,0,,,,,per_security,"“ Intellectual Property ” means all (a) inventions (whether patentable or unpatentable and whether or not reduced to practice), and all patents, patent applications, and patent disclosures, together with all reissuances, continuations, continuations‑in‑part, divisionals, revisions, extensions, and reexaminations relating thereto (collectively, “ Patents ”); (b) trademarks, trade names, service marks, trade dress, logos, slogans, and all goodwill associated therewith, together with all applications, registrations, and renewals relating thereto; (c) works of authorship and mask works, all copyrights, and all applications, registrations, and renewals relating thereto; (d) trade secrets and other similar confidential or proprietary information (including ideas, research and 5 development, know","Price relates to securities/financing, not an asset/IP sale. [Dropped: financing]",1490281,000149028113000043,,,,,10,cik+midpoint_fallback
asset_purchase,2488,000119312503033907,dex1054.htm,ASSET PURCHASE AGREEMENT,https://www.sec.gov/Archives/edgar/data/2488/000119312503033907/dex1054.htm,asset_sale_with_ip,business_unit,total_consideration,1,1,10.0,USD,$10,"“Material Contract” means Contracts that satisfy one or more of the following criteria: (a) Contracts not made in the ordinary course of business, (b) Contracts to purchase, sell or otherwise transfer any (i) Real Property or (ii) personal property with a purchase price in excess of US$10 million, whether a party is the buyer, seller, grantor or grantee thereunder, (c) Contracts involving future expenditures or Liabilities, actual or potential, in excess of US$10 million, (d) Contracts containing covenants limiting the freedom of AMD, Joint Venture or their Affiliates to engage in any line of business or compete with any Person or pursuant to which any material benefit is required to be given or lost as a result of so competing, (e) operating or other agreements with respect to partnership",total,REPRESENTATIONS AND WARRANTIES OF AMD 15 5.1 Corporate Existence and Power 15 5.2 Authorization 15 5.3 Governmental Authorization 15 5.4 Non-Contravention 16 5.5 Properties; Leases 16 5.6 Litigation; Other Proceedings 17 5.7 Contracts 17 5.8 Permits 18 5.9 Compliance with Laws 18 5.10 Employment Agreements; Change in Control; and Employee Benefits 19 5.11 Labor and Employment Matters 19 5.12 Insurance 19 5.13 Environmental Matters 19 5.14 Intellectual Property 20 5.15 Capitalization of AMD Contributed Subsidiaries 20 5.16 Brokers 21 TABLE OF CONTENTS (continued) Page 5.17 Related Party Agreements 21 5.18 No Other Agreements to Sell AMD Sold Assets 21 5.19 Absence of Changes 21 5.20 Value of Assets 21 ARTICLE VI.,Price relates to asset/business acquisition that includes IP/patents.,2488,000119312503033907,,,,,910,cik+midpoint_fallback
asset_purchase,6281,000095013507007253,b67578adexv2w1.htm,"EX-2.1 PURCHASE AND SALE AGREEMENT, DATED SEPTEMBER 9, 2007",https://www.sec.gov/Archives/edgar/data/6281/000095013507007253/b67578adexv2w1.htm,asset_sale_with_ip,business_unit,,1,0,,USD,,,,"(THE “ BUYER ”) DATED AS OF SEPTEMBER 9, 2007 TABLE OF CONTENTS Page ARTICLE I ASSET PURCHASE 1 1.1 Purchase and Sale of Assets; Assumption of Liabilities 1 1.2 Purchase Price and Related Matters 2 1.3 The Closing 4 1.4 Consents to Assignment 5 1.5 Further Assurances 5 ARTICLE II REPRESENTATIONS AND WARRANTIES OF THE SELLERS 6 2.1 Organization, Qualification and Corporate Power 6 2.2 Authority 7 2.3 Noncontravention 7 2.4 Financial Statements 8 2.5 Absence of Certain Changes 8 2.6 Tangible Personal Property 9 2.7 Leased Real Property 10 2.8 Intellectual Property 10 2.9 Contracts 12 2.10 Entire Business 14 2.11 Litigation 14 2.12 Employment Matters 15 2.13 Employee Benefits 15 2.14 Environmental Matters 16 2.15 Legal Compliance 17 2.16 Legal Permits 18 2.17 Inventory 18 2.18 Warranties 18 2",No explicit consideration sentence found in text.,6281,000095013507007253,,,,,39,cik+midpoint_fallback
asset_purchase,6281,000095013508000199,b68220adexv2w2.htm,EX-2.2 AMENDMENT NO.1 TO PURCHASE AND SALE AGREEMENT,https://www.sec.gov/Archives/edgar/data/6281/000095013508000199/b68220adexv2w2.htm,asset_sale_with_ip,assets_including_ip,,0,0,,USD,,,,,No explicit consideration sentence found in text.,6281,000095013508000199,,,,,39,cik+midpoint_fallback
asset_purchase,97210,000119312505199570,dex21.htm,ASSET AND STOCK PURCHASE AGREEMENT,https://www.sec.gov/Archives/edgar/data/97210/000119312505199570/dex21.htm,asset_sale_with_ip,business_unit,,1,0,,USD,,,,25 Section 3.07 Absence of Certain Changes 26 Section 3.08 Properties 26 Section 3.09 Title to Purchased Assets 26 Section 3.10 Litigation 26 Section 3.11 Contracts 27 Section 3.12 Warranty Claims 28 Section 3.13 Compliance with Law; Governmental Authorizations 29 i Section 3.14 Intellectual Property 29 Section 3.15 Employees 30 Section 3.16 Finder’s Fees 31 Section 3.17 Environmental Matters 31 Section 3.18 Tax Matters 32 Section 3.19 Employee Benefits 34 Section 3.20 Sufficiency of Assets 35 Section 3.21 Real Property 35 Section 3.22 Equipment; Inventory 36 Section 3.23 Receivables 36 Section 3.24 Investments 36 Section 3.25 Absence of Questionable Payments 37 ARTICLE IV REPRESENTATIONS AND WARRANTIES OF THE BUYERS 37 Section 4.01 Organization 37 Section 4.02 Corporate Authorization 37 S,No explicit consideration sentence found in text.,97210,000119312505199570,,,,,1193,cik+midpoint_fallback
ip_or_patent_asset,2488,000119312503033907,dex1055.htm,AMD-FASL PATENT CROSS-LICENSE AGREEMENT,https://www.sec.gov/Archives/edgar/data/2488/000119312503033907/dex1055.htm,financing,financing_securities,,0,0,,,,,,"1.2.5 “ Acquirer Licensed Patents, ” with respect to an Acquirer to which this Agreement is assigned pursuant to Section 10.6, means all Patents that, as of the effective date of such assignment or thereafter during the Term, are wholly owned by Acquirer, or as to which, and only to the extent and subject to the conditions under which, Acquirer has the right, as of the effective date of such assignment or thereafter during the Term, to grant licenses or sublicenses without such grant resulting in the payment of royalties or other consideration to third parties (unless the non-assigning Party undertakes to pay directly or to reimburse Acquirer for any such royalties or other consideration, in which case such Patents shall be included within the Acquirer Licensed Patents), except for payment",No explicit consideration sentence found in text. [Dropped: financing],2488,000119312503033907,,,,,910,cik+midpoint_fallback
likely_m&a_or_asset,1023024,000110465909040858,a09-17295_1ex2d1.htm,EX-2.1,https://www.sec.gov/Archives/edgar/data/1023024/000110465909040858/a09-17295_1ex2d1.htm,merger_equity,entire_firm,per_share_consideration,1,1,0.001,USD,$0.001,"(b) The Company agrees that: (i) if BioSante shall terminate this Agreement pursuant to Section 9.01(c)(ii) or Section 9.01(c)(iii) and within twelve months after the date of such termination the Company enters into a definitive acquisition agreement (other than a confidentiality agreement) with respect to (and subsequently consummates), or consummates a transaction contemplated by, an Acquisition Proposal (changing the 20% amount referred to in the definition of “Acquisition Proposal” to 50% for purposes of this Section 9.03(b(i) ); or (ii) if the Company shall terminate this Agreement pursuant to Section 9.01(d)(ii) ; or (iii) if (A)(x) BioSante or the Company shall terminate this Agreement pursuant to Section 9.01(b)(i) , and (y) the failure of the Effective Time to occur on or prior to",per_share,"Notwithstanding the foregoing, the amounts in clause (y) above shall exclude in each case all accrued expenses, contractual commitments, restructuring accruals, and fees and expenses, as applicable, to the extent related to (A) the Company’s 2010 annual stockholders meeting, (B) the audit of the Company’s financial statements for the year ended December 31, 2009, (C) the preparation of 2009 Tax Returns, (D) an audit of the Company’s terminated 401(k) plan for the year ended December 31, 2009, (E) the preparation of any Quarterly Report on Form 10-Q due after the Closing Date, including any quarterly review by external accountants, (F) license agreements related to Company Licensed Intellectual Property, including the cancellation thereof or any royalties payable thereunder, to the extent t",Price relates to merger/equity consideration; IP is bundled.,1023024,000110465909040858,,,,,361,cik+midpoint_fallback
likely_m&a_or_asset,10456,000119312515246136,d57625dex21.htm,EX-2.1,https://www.sec.gov/Archives/edgar/data/10456/000119312515246136/d57625dex21.htm,financing,financing_securities,,0,0,,,,,,"AND BAXALTA INCORPORATED DATED AS OF JUNE 30, 2015 TABLE OF CONTENTS Page ARTICLE I DEFINITIONS 2 Section 1.01 Definitions 2 ARTICLE II THE SEPARATION 19 Section 2.01 Governance and Listing of Baxalta 19 Section 2.02 The Separation 19 Section 2.03 Deferred Baxalta Local Closings 20 Section 2.04 Delayed Transfers of Baxalta Assets and Baxalta Liabilities 21 Section 2.05 Delayed Transfers of Baxter Assets and Baxter Liabilities 23 Section 2.06 Ancillary Agreements 24 Section 2.07 Disclaimer of Representations and Warranties 24 Section 2.08 Credit Facilities; Financing Arrangements; Baxalta Cash Distribution; Use of Proceeds; Use of Retained Baxalta Common Stock 26 Section 2.09 Termination of Agreements 27 Section 2.10 Settlement of Accounts between Baxter and Baxalta 28 Section 2.11 Novation",No explicit consideration sentence found in text. [Dropped: financing],10456,000119312515246136,,,,,101,cik+midpoint_fallback
likely_m&a_or_asset,1065088,000119312515240245,d944939dex21.htm,EX-2.1,https://www.sec.gov/Archives/edgar/data/1065088/000119312515240245/d944939dex21.htm,financing,financing_securities,,0,0,,,,,,"DATED AS OF JUNE 26, 2015 TABLE OF CONTENTS Page ARTICLE I DEFINITIONS 2 ARTICLE II THE SEPARATION 16 2.1 Transfer of Assets and Assumption of Liabilities 16 2.2 PayPal Assets; eBay Assets 18 2.3 PayPal Liabilities; eBay Liabilities 21 2.4 Approvals and Notifications 23 2.5 Novation of Liabilities 26 2.6 Release of Guarantees 27 2.7 Termination of Agreements 28 2.8 Treatment of Shared Contracts 29 2.9 Bank Accounts; Cash Balances 30 2.10 Ancillary Agreements 31 2.11 Disclaimer of Representations and Warranties 31 2.12 Cash Transfer 32 2.13 Financial Information Certifications 32 2.14 Transition Committee 32 ARTICLE III THE DISTRIBUTION 33 3.1 Sole and Absolute Discretion; Cooperation 33 3.2 Actions Prior to the Distribution 33 3.3 Conditions to the Distribution 34 3.4 The Distribution 36 A",No explicit consideration sentence found in text. [Dropped: financing],1065088,000119312515240245,,,,,354,cik+midpoint_fallback
likely_m&a_or_asset,1308547,000119312507243696,dex21.htm,SHARE TRANSFER AGREEMENT,https://www.sec.gov/Archives/edgar/data/1308547/000119312507243696/dex21.htm,financing,financing_securities,,0,0,,,,,per_security,"BANK NATIONAL ASSOCIATION, AS ESCROW AGENT Dated as of November 8, 2007 TABLE OF CONTENTS Page Article I DEFINITIONS 3 1.1 Certain Defined Terms 3 1.2 Interpretations 3 Article II THE ACQUISITION 4 2.1 Purchase and Sale 4 2.2 Purchase Price 4 2.3 The Closing 5 2.4 The Second Closing 5 2.5 Withholding Taxes and Tax Deposit Account 6 2.6 Purchase Price Adjustment and Post-Closing Procedures 6 2.7 Escrow Deposits & Payment Procedures 12 2.8 Additional Adjustments to Purchase Price 12 2.9 Company Convertible Debenture Holder Obligations 12 2.10 Warrant Exercises 13 2.11 SHA Sellers 13 Article III REPRESENTATIONS AND WARRANTIES OF THE SELLERS 14 3.1 Organization of the Company; Authority 14 3.2 Company Capital Structure 15 3.3 Subsidiaries 16 3.4 No Conflict 18 3.5 Consents 18 3.6 Company Finan","Price relates to securities/financing, not an asset/IP sale. [Dropped: financing]",1308547,000119312507243696,,,,,334,cik+midpoint_fallback
likely_m&a_or_asset,1490281,000149028114000013,exhibit21-ideeliacquisitio.htm,AGREEMENT,https://www.sec.gov/Archives/edgar/data/1490281/000149028114000013/exhibit21-ideeliacquisitio.htm,merger_equity,entire_firm,total_consideration,1,1,0.0,USD,$0,"By: /s/ Jason Harinstein Name: Jason Harinstein Its: SVP [Signature Page to Agreement and Plan of Merger] List of Exhibits and Schedules EXHIBITS Exhibit A - Form of Certificate of Merger Exhibit B - Form of Letter of Transmittal Exhibit C - Form of Consent, Release and Stockholders’ Representative Agreement Exhibit D - Form of Escrow Agreement Schedule 2(a) - Defined Terms ""Aggregate Common Consideration"" means $9,351.",total,"Schedule 4(k) of the Disclosure Schedule contains an accurate and complete list, and the Company has delivered to Purchaser accurate and complete copies of, each of the following written or oral contracts, agreements, instruments, leases, subleases, licenses, deeds, mortgages, purchase orders, commitments, arrangements or undertakings (collectively, the "" Contracts "") to which the Company is a party or otherwise bound that is currently in effect and that relates to the assets or operation of the Company's as currently conducted: (i) each Contract pursuant to which the Company has acquired a business or entity, or assets of a business or entity, whether by way of merger, consolidation, purchase of stock, purchase of assets or otherwise, or any Contract pursuant to which the Company has any ",Price relates to merger/equity consideration; IP is bundled.,1490281,000149028114000013,,,,,10,cik+midpoint_fallback
likely_m&a_or_asset,1571123,000119312513387316,d605504dex21.htm,EX-2.1,https://www.sec.gov/Archives/edgar/data/1571123/000119312513387316/d605504dex21.htm,asset_sale_with_ip,business_unit,,1,0,,USD,,,,"(4) “ Assets ” shall mean assets (including goodwill), properties, claims, Intellectual Property and other rights, wherever located (including in the possession of vendors or other third parties or elsewhere), of every kind, character and description, whether real, personal or mixed, tangible, intangible or contingent.",No explicit consideration sentence found in text.,1571123,000119312513387316,,,,,1088,cik+midpoint_fallback
likely_m&a_or_asset,1645590,000110465916123518,a16-12150_2ex2d1.htm,EX-2.1,https://www.sec.gov/Archives/edgar/data/1645590/000110465916123518/a16-12150_2ex2d1.htm,merger_equity,entire_firm,per_share_consideration,1,1,0.01,USD,$0.01,"Without limiting the generality of the foregoing, during the Interim Period, except with respect to the Excluded Assets and the Excluded Liabilities, as contemplated by this Agreement (including as set forth in Section 7.2(a) of the Everett Disclosure Schedule), the Reorganization or the Transaction Documents, as consented to by Chicago in writing (which consent shall not be unreasonably withheld, conditioned, delayed or denied), or as required by Law, Houston shall not, solely with respect to 69 the Everett Entities or the Everett Business and excluding the Excluded Assets and the Excluded Liabilities, and shall cause the Everett Entities not to: (i) amend or modify the Organizational Documents of any of the Everett Entities, other than an amendment to the certificate of incorporation of ",per_share,“ Everett Owned Intellectual Property ” means the Transferred IP.,Price relates to merger/equity consideration; IP is bundled.,1645590,000110465916123518,,,,,500,cik+midpoint_fallback
likely_m&a_or_asset,1645590,000110465916123518,a16-12150_2ex2d2.htm,EX-2.2,https://www.sec.gov/Archives/edgar/data/1645590/000110465916123518/a16-12150_2ex2d2.htm,merger_equity,entire_firm,per_share_consideration,1,1,1.0,USD,$1.00,"(a) If the annualized cost of performing the activities that are identified as “horizontal cost activities” in Schedule 2.10 (the “ Annualized Horizontal Cost ”), as calculated as of the Distribution Date, exceeds $1,200,000,000, then Houston shall pay Everett within 120 days after the Distribution Date an amount equal to (a) the excess of such Annualized Horizontal Cost at the Distribution Date over $1,200,000,000 and (b) Everett’s reasonable expenses (including projected severance and other restructuring costs) in connection with reducing the total Annualized Horizontal Cost to $1,200,000,000; provided, however, that the Parties agree 27 and acknowledge that if, at the written request of Chicago, Houston substitutes or adds resources to support the Everett Business that would have otherw",per_share,"May 24, 2016 TABLE OF CONTENTS Page ARTICLE I DEFINITIONS 2 Section 1.1 Certain Definitions 2 Section 1.2 Other Terms 11 ARTICLE II THE REORGANIZATION 12 Section 2.1 Transfer of Assets and Assumption of Liabilities Prior to the Distribution 12 Section 2.2 Allocation of Assets 15 Section 2.3 Allocation of Liabilities 17 Section 2.4 Transfer of Excluded Assets and Assumption of Excluded Liabilities Not Effected at or Prior to the Distribution Time 19 Section 2.5 Transfer of Everett Assets and Assumption of Everett Liabilities Not Effected at or Prior to the Distribution Time 22 Section 2.6 Novation of Everett Liabilities; Indemnification 24 Section 2.7 Novation of Liabilities Other than Everett Liabilities; Indemnification 25 Section 2.8 Termination of Intercompany Contracts; Settlement of I",Price relates to merger/equity consideration; IP is bundled.,1645590,000110465916123518,,,,,500,cik+midpoint_fallback
likely_m&a_or_asset,1645590,000110465919030135,a19-10089_1ex2d1.htm,EX-2.1,https://www.sec.gov/Archives/edgar/data/1645590/000110465919030135/a19-10089_1ex2d1.htm,merger_equity,entire_firm,per_share_consideration,1,1,0.01,USD,$0.01,"As of the date of this Agreement, other than as set forth on Section 3.08 of the Company Disclosure Letter, there is no Action Pending nor, to the Knowledge of the Company, any Action threatened, nor has the Company received any written notice threatening any Action, in each case against the Company or any of its Subsidiaries or any of their respective directors or officers (or former officers or directors in their capacity as such) or affecting any of the properties, assets or rights of the Company or any of its Subsidiaries, other than, in each of the foregoing cases, an Action commenced by a person that both (a) does not involve an amount in controversy in excess of $500,000 and (b) does not seek material injunctive or other non-monetary relief.",per_share,"(a) Except for this Agreement and for Contracts filed as exhibits to the Filed SEC Documents, Section 3.11(a) of the Company Disclosure Letter sets forth a true and 22 complete list of each of the following Contracts to which the Company or any of its Subsidiaries is a party and that is in effect as of the date hereof: (i) each Contract that would be required to be filed by the Company as a “material contract” pursuant to Item 601(b)(10) of Regulation S-K promulgated by the SEC; (ii) each loan agreement, credit agreement, note, debenture, bond, indenture and other similar Contract pursuant to which any Indebtedness of the Company or any of its Subsidiaries is outstanding or may be incurred in an aggregate principal amount in excess of $250,000, or which obligates the Company or any of its ",Price relates to merger/equity consideration; IP is bundled.,1645590,000110465919030135,,,,,500,cik+midpoint_fallback
likely_m&a_or_asset,1645590,000119312515368376,d98001dex21.htm,EX-2.1,https://www.sec.gov/Archives/edgar/data/1645590/000119312515368376/d98001dex21.htm,financing,financing_securities,,0,0,,,,,,"(5) “ Assets ” means any and all assets, properties, claims and rights (including goodwill), wherever located (including in the possession of vendors or other third Persons or elsewhere), of every kind, character and description, whether real, personal or mixed, tangible, intangible or contingent, in each case whether or not recorded or reflected, or required to be recorded or reflected, on the books and records or financial statements of the applicable Person, including the following: 2 (a) all accounting and other books, records and files whether in paper, microfilm, microfiche, computer tape or disc, magnetic tape, electronic or any other form; (b) all apparatus, computers and other electronic data processing and communications equipment, electronic storage equipment, fixtures, machiner",No explicit consideration sentence found in text. [Dropped: financing],1645590,000119312515368376,,,,,500,cik+midpoint_fallback
likely_m&a_or_asset,1645590,000119312515368376,d98001dex22.htm,EX-2.2,https://www.sec.gov/Archives/edgar/data/1645590/000119312515368376/d98001dex22.htm,financing,financing_securities,,0,0,,,,,,"None of the services and support, 13 including the provision of Information, provided under this Section 3.9(b) shall include the licensing or assignment of any Intellectual Property except to the extent expressly provided in a Service Schedule entered into pursuant to this Section 3.9(b) .",No explicit consideration sentence found in text. [Dropped: financing],1645590,000119312515368376,,,,,500,cik+midpoint_fallback
likely_m&a_or_asset,1645590,000119312515368376,d98001dex23.htm,EX-2.3,https://www.sec.gov/Archives/edgar/data/1645590/000119312515368376/d98001dex23.htm,financing,financing_securities,,0,0,,,,,,,No explicit consideration sentence found in text. [Dropped: financing],1645590,000119312515368376,,,,,500,cik+midpoint_fallback
likely_m&a_or_asset,1645590,000119312515368376,d98001dex26.htm,EX-2.6,https://www.sec.gov/Archives/edgar/data/1645590/000119312515368376/d98001dex26.htm,financing,financing_securities,,0,0,,,,,,"Intellectual Property means all (1) patents, patent applications, patent disclosures and inventions (whether patentable or not), (2) Marks, (3) copyrights and copyrightable works (including mask works) and registrations and applications thereof, (4) computer software programs (including source code and object code), data, databases and documentation thereof, (5) trade secrets and other confidential information (including ideas formulas, compositions, inventions, improvements, know-how, research and development information, drawings, specifications, flowcharts, Master Commercial Agreement 3 schematics, protocols, programmer notes, designs, design rights, developments, discoveries, plans, business plans, proposals, technical data, financial and marketing plans and customer and supplier lists",No explicit consideration sentence found in text. [Dropped: financing],1645590,000119312515368376,,,,,500,cik+midpoint_fallback
likely_m&a_or_asset,1645590,000119312515368376,d98001dex27.htm,EX-2.7,https://www.sec.gov/Archives/edgar/data/1645590/000119312515368376/d98001dex27.htm,merger_equity,entire_firm,,1,0,,USD,,,,"Prior to assigning an individual to perform the Services, HPES will ensure that such individual has entered into a confidentiality agreement with terms at least as stringent as the confidentiality obligations set forth in this Agreement and an intellectual property assignment agreement sufficient to effectuate HPES’ assignment of Developed IP to HPI as required by this Agreement.",No explicit consideration sentence found in text.,1645590,000119312515368376,,,,,500,cik+midpoint_fallback
likely_m&a_or_asset,1645590,000156761917001826,s001851x1_ex2-1.htm,EXHIBIT 2.1,https://www.sec.gov/Archives/edgar/data/1645590/000156761917001826/s001851x1_ex2-1.htm,merger_equity,entire_firm,per_share_consideration,0,1,0.01,USD,$0.01,"For purposes of this Section 3.05(a), a Tax Return is “material” with respect to a Company who is not the Responsible Company if it could reasonably be expected to reflect, with respect to such Company, (A) Tax liability equal to or in excess of Ten Million Dollars ($10,000,000), (B) a credit or credits equal to or in excess of Ten Million Dollars ($10,000,000), (C) a loss or losses equal to or in excess of Ten Million Dollars ($10,000,000) or (D) could otherwise be expected to materially adversely affect a Tax position with respect to the Company or its Group.",per_share,,Price relates to merger/equity consideration; IP is bundled.,1645590,000156761917001826,,,,,500,cik+midpoint_fallback
likely_m&a_or_asset,1645590,000156761917001826,s001851x1_ex2-2.htm,EXHIBIT 2.2,https://www.sec.gov/Archives/edgar/data/1645590/000156761917001826/s001851x1_ex2-2.htm,standalone_patent_sale,patents_only,,1,0,,,,,,“ Autonomy Patents ” means only those Transferred Patents specifically identified in Exhibit B‑2 .,No explicit consideration sentence found in text.,1645590,000156761917001826,,,,,500,cik+midpoint_fallback
likely_m&a_or_asset,1645590,000156761917001826,s001851x1_ex2-3.htm,EXHIBIT 2.3,https://www.sec.gov/Archives/edgar/data/1645590/000156761917001826/s001851x1_ex2-3.htm,financing,financing_securities,,0,0,,,,,,"To the extent such creation, conception, or development is not considered a “work made for hire” under applicable Law, then the Provider (on behalf of itself and its Affiliates) hereby assigns, transfers, conveys, and delivers, and shall cause its Affiliates to assign, transfer, convey, and deliver, to the Recipient, without further consideration, all of the Provider’s worldwide right, title, and interest in and to the Work Product (including all Intellectual Property Rights therein and thereto).",No explicit consideration sentence found in text. [Dropped: financing],1645590,000156761917001826,,,,,500,cik+midpoint_fallback
likely_m&a_or_asset,1645590,000164559017000006,pressrelease112117.htm,EXHIBIT 2,https://www.sec.gov/Archives/edgar/data/1645590/000164559017000006/pressrelease112117.htm,other,,,0,0,,USD,,,,,No explicit consideration sentence found in text.,1645590,000164559017000006,,,,,500,cik+midpoint_fallback
likely_m&a_or_asset,1645590,000164559020000032,exh21mergeragreement.htm,EX-2.1,https://www.sec.gov/Archives/edgar/data/1645590/000164559020000032/exh21mergeragreement.htm,merger_equity,entire_firm,per_share_consideration,1,1,0.01,USD,$0.01,"“ Company Debt ” means, as of a specified date or time, without duplication and whether or not then due and payable as of such date or time: (i) all obligations (including the principal amount thereof or, if applicable, the accreted amount thereof and the amount of accrued and unpaid interest thereon) of the Company and the Subsidiaries, whether or not represented by bonds, debentures, notes or other securities (whether or not convertible into any other security), for the repayment of money borrowed (other than employee expenses under corporate credit cards incurred in the ordinary course of business in the thirty (30) days prior to the Closing in an amount up to $600,000), (ii) all obligations for the deferred purchase price of property or assets purchased (other than accounts payable inc",per_share,"“Properties”, “licenses”, and “assets” as used in this Section 2.8 shall not include the Company Intellectual Property.",Price relates to merger/equity consideration; IP is bundled.,1645590,000164559020000032,,,,,500,cik+midpoint_fallback
likely_m&a_or_asset,1779474,000095010320024045,dp142700_ex0201.htm,EXHIBIT 2.1,https://www.sec.gov/Archives/edgar/data/1779474/000095010320024045/dp142700_ex0201.htm,merger_equity,entire_firm,per_share_consideration,1,1,10.0,USD,$10,"“ Enterprise Value ” means $1,310,000,000.00.",per_share,"10 “ Intellectual Property ” means any and all intellectual property and similar proprietary rights in any jurisdiction throughout the world, whether registered or unregistered, including all: (i) patents and patent applications, (ii) trademarks, service marks, trade dress, trade names, service names, brand names, corporate names, logos and any and all other indications of origin, including all goodwill associated therewith, (iii) copyrights, works of authorship, mask work rights and any and all renewals, extensions, reversions, restorations, derivative works and moral rights in connection with the foregoing, now or hereafter provided by applicable Law, regardless of the medium of fixation or means of expression, (iv) Internet domain names and social media identifiers and accounts, (v) tra",Price relates to merger/equity consideration; IP is bundled.,1779474,000095010320024045,,,,,1090,cik+midpoint_fallback
likely_m&a_or_asset,1800,000110465914056950,a14-13985_1ex2d1.htm,EX-2.1,https://www.sec.gov/Archives/edgar/data/1800/000110465914056950/a14-13985_1ex2d1.htm,financing,financing_securities,,0,0,,,,,,"“Intellectual Property ” means all intellectual property used or held for use by any Group Company including: (i) all names and marks, including product names and marks previously acquired by a Group Company, brands and slogans, all registered and unregistered trademarks, trade names, service marks, domain names and applications therefor and all goodwill associated therewith; (ii) all patents, patent applications and inventions conceived or reduced to practice prior to the Closing, including any provisional, utility, continuation, continuation-in-part or divisional applications filed in the United States or other jurisdiction prior to the Launch Date, and all reissues thereof and all reexamination certificates issuing therefrom; (iii) all ownership rights to any copyrightable works, includ",No explicit consideration sentence found in text. [Dropped: financing],1800,000110465914056950,,,,,2,cik+midpoint_fallback
likely_m&a_or_asset,1800,000110465914077769,a14-19718_1ex2d1.htm,EX-2.1,https://www.sec.gov/Archives/edgar/data/1800/000110465914077769/a14-19718_1ex2d1.htm,merger_equity,entire_firm,per_share_consideration,1,1,0.5,USD,$0.50,"If the Final Modified Working Capital is greater than $500,000,000, New Mylan shall pay to Abbott the amount of such excess by wire transfer of immediately available funds to an account 32 designated by Abbott in writing in United States Dollars within three (3) U.S.",per_share,TABLE OF CONTENTS Page ARTICLE 1 DEFINITIONS 2 1.1 Definitions 2 1.2 Glossary of Defined Terms 17 ARTICLE 2 BUSINESS TRANSFER; THE MERGER 22 2.1 Business Transfer 22 2.2 Exchange Agent 23 2.3 The Merger 23 2.4 Effective Time 23 2.5 Effects of the Merger 23 2.6 Governing Documents 24 2.7 Officers and Directors 24 2.8 Effect on Capital Stock 24 2.9 Exchange of Shares and Certificates 25 2.10 Mylan Stock Based Awards 27 2.11 Allocation 28 ARTICLE 3 CLOSING; CURRENT ASSETS 30 3.1 Closing Date 30 3.2 Closing Deliveries by Abbott 30 3.3 Closing Deliveries by the Mylan Parties 30 3.4 Modified Working Capital Determination and Adjustment 31 ARTICLE 4 REPRESENTATIONS AND WARRANTIES OF ABBOTT 33 4.1 Organization 33 4.2 Acquired Companies: Capitalization and Ownership; Subsidiaries 33 4.3 Authorizati,Price relates to merger/equity consideration; IP is bundled.,1800,000110465914077769,,,,,2,cik+midpoint_fallback
likely_m&a_or_asset,200406,000095015717000161,ex2-1.htm,TRANSACTION AGREEMENT,https://www.sec.gov/Archives/edgar/data/200406/000095015717000161/ex2-1.htm,financing,financing_securities,,0,0,,,,,,"(b) Without limitation to the foregoing, except as required by applicable Legal Requirement or required by this Agreement or any Ancillary Agreement, and except as disclosed in Annex 4.4(b) , the Company will not, and will procure that each of its Subsidiaries will not, 20 | 36 Transaction Agreement among Cilag Holding AG, Janssen Holding GmbH, Actelion Ltd and Johnson & Johnson (solely for purposes of Article 12.1(a)) without the prior consent of the Bidder (which consent shall not be unreasonably withheld, conditioned or delayed), do or agree to do any of the following from the date of this Agreement through Settlement: (i) hire any director, officer or employee with individual aggregate fixed annual compensation in excess of CHF400,000 or make any change in the terms of service or emplo",No explicit consideration sentence found in text. [Dropped: financing],200406,000095015717000161,,,,,611,cik+midpoint_fallback
likely_m&a_or_asset,2969,000119312516731580,d184846dex21.htm,EX-2.1,https://www.sec.gov/Archives/edgar/data/2969/000119312516731580/d184846dex21.htm,financing,financing_securities,,0,0,,,,,,"Dated as of September 29, 2016 TABLE OF CONTENTS Page Article I DEFINITIONS AND INTERPRETATION Section 1.1 General 2 Section 1.2 References; Interpretation 18 Article II THE SEPARATION Section 2.1 General 19 Section 2.2 Restructuring: Transfer of Assets; Assumption of Liabilities 19 Section 2.3 Treatment of Shared Contracts 20 Section 2.4 Intercompany Accounts, Loans and Agreements 21 Section 2.5 Limitation of Liability; Intercompany Contracts 22 Section 2.6 Transfers Not Effected at or Prior to the Separation Time; Transfers Deemed Effective as of the Separation Time 22 Section 2.7 Conveyance and Assumption Instruments 24 Section 2.8 Further Assurances; Ancillary Agreements 25 Section 2.9 Novation of Liabilities; Indemnification 26 Section 2.10 Guarantees; Credit Support Instruments 27 Se",No explicit consideration sentence found in text. [Dropped: financing],2969,000119312516731580,,,,,13,cik+midpoint_fallback
likely_m&a_or_asset,2969,000119312516731580,d184846dex22.htm,EX-2.2,https://www.sec.gov/Archives/edgar/data/2969/000119312516731580/d184846dex22.htm,financing,financing_securities,,0,0,,,,,,,No explicit consideration sentence found in text. [Dropped: financing],2969,000119312516731580,,,,,13,cik+midpoint_fallback
likely_m&a_or_asset,51143,000110465918064384,a18-37205_2ex2d1.htm,EX-2.1,https://www.sec.gov/Archives/edgar/data/51143/000110465918064384/a18-37205_2ex2d1.htm,merger_equity,entire_firm,per_share_consideration,1,1,190.0,USD,$190.00,"(b) In the event that (i) prior to the Shareholders Meeting, a Takeover Proposal has been made (whether or not conditional and whether or not withdrawn) to the Company or its shareholders or any person has publicly announced an intention (whether or not conditional and whether or not withdrawn) to make a Takeover Proposal and thereafter (A) this Agreement is terminated by either Parent or the Company pursuant to Section 7.01(b)(i) , Section 7.01(b)(iii) or Section 7.01(d) and (B) prior to the date that is 12 months after such termination, (1) the Company or any of its Subsidiaries enters into any Acquisition Agreement with respect to any Takeover Proposal or (2) any Takeover Proposal is consummated (solely for purposes of this Section 5.06(b)(i)(B) ), the term “ Takeover Proposal ” shall h",per_share,"Dated as of October 28, 2018 TABLE OF CONTENTS Page ARTICLE I THE MERGER Section 1.01 The Merger 2 Section 1.02 Closing 2 Section 1.03 Effective Time of the Merger 2 Section 1.04 Effects of the Merger 2 Section 1.05 Certificate of Incorporation and Bylaws 2 Section 1.06 Directors 3 Section 1.07 Officers 3 ARTICLE II CONVERSION OF SECURITIES Section 2.01 Conversion of Capital Stock 3 Section 2.02 Exchange of Certificates 5 ARTICLE III REPRESENTATIONS AND WARRANTIES Section 3.01 Representations and Warranties of the Company 7 Section 3.02 Representations and Warranties of Parent and Sub 31 ARTICLE IV COVENANTS RELATING TO CONDUCT OF BUSINESS Section 4.01 Conduct of Business 34 Section 4.02 No Solicitation 39 ARTICLE V ADDITIONAL AGREEMENTS Section 5.01 Preparation of the Proxy Statement; Sha",Price relates to merger/equity consideration; IP is bundled.,51143,000110465918064384,,,,,564,cik+midpoint_fallback
likely_m&a_or_asset,6281,000095013507007253,b67578adexv2w2.htm,EX-2.2 FORM OF LICENSE AGREEMENT,https://www.sec.gov/Archives/edgar/data/6281/000095013507007253/b67578adexv2w2.htm,asset_sale_with_ip,business_unit,,1,0,,USD,,,,"In connection with the Purchase and Sale Agreement, Licensee wishes to obtain a license, and the Analog Parties and their respective Subsidiaries (as defined below) are willing to grant a license under the terms of this Agreement, to the Analog Technology (as defined below) and the Analog Intellectual Property (as defined below).",No explicit consideration sentence found in text.,6281,000095013507007253,,,,,39,cik+midpoint_fallback
likely_m&a_or_asset,6281,000095013508000199,b68220adexv2w3.htm,EX-2.3 LICENSE AGREEMENT,https://www.sec.gov/Archives/edgar/data/6281/000095013508000199/b68220adexv2w3.htm,asset_sale_with_ip,business_unit,,1,0,,USD,,,,"In connection with the Purchase and Sale Agreement, Licensee wishes to obtain a license, and the Analog Parties and their respective Subsidiaries (as defined below) are willing to grant a license under the terms of this Agreement, to the Analog Technology (as defined below) and the Analog Intellectual Property (as defined below).",No explicit consideration sentence found in text.,6281,000095013508000199,,,,,39,cik+midpoint_fallback
likely_m&a_or_asset,68505,000110465910038421,a10-14218_1ex2d1.htm,EX-2.1,https://www.sec.gov/Archives/edgar/data/68505/000110465910038421/a10-14218_1ex2d1.htm,asset_sale_with_ip,business_unit,total_consideration,1,1,1200000000.0,USD,"$1,200,000,000","The Purchaser will pay the Seller an amount in cash equal to $1,200,000,000 (One Billion Two Hundred Million Dollars) (the “ Purchase Price ”) for the Acquired Assets at the Initial Closing, subject to the provisions of Section 2.5 .",total,TABLE OF CONTENTS PAGE ARTICLE 1 THE TRANSACTIONS 1 1.1 Purchase and Sale of Acquired Assets 1 1.2 Excluded Assets 3 1.3 Assumption of Liabilities 6 1.4 Excluded Liabilities 7 1.5 Certain Transfers of Acquired Assets; Assumption of Liabilities 8 ARTICLE 2 PURCHASE PRICE; CLOSING 8 2.1 Purchase Price 8 2.2 Closing 9 2.3 Closing Deliveries 10 2.4 Purchaser Group 12 2.5 Post-Closing Adjustment 12 ARTICLE 3 REPRESENTATIONS AND WARRANTIES OF THE SELLER 16 3.1 Corporate Organization 16 3.2 Capitalization; Ownership 17 3.3 Authorization 17 3.4 No Conflict 18 3.5 Financial Matters 18 3.6 Tax Matters 19 3.7 Assets 21 3.8 Sufficiency of Certain Acquired Assets 21 3.9 Intellectual Property 21 3.10 Legal Compliance 21 3.11 Permits 21 3.12 Contracts 22 3.13 Legal Proceedings 23 3.14 Employees 24 3.15 E,Price relates to asset/business acquisition that includes IP/patents.,68505,000110465910038421,,,,,897,cik+midpoint_fallback
likely_m&a_or_asset,6951,000095013406017127,f23348exv2w1.htm,EXHIBIT 2.1,https://www.sec.gov/Archives/edgar/data/6951/000095013406017127/f23348exv2w1.htm,merger_equity,entire_firm,per_share_consideration,1,1,28.5,USD,$28.50,"For purposes of this Agreement, each of the following shall be deemed to constitute a “ Significant Contract ”: (i) any Contract constituting a Company Employee Agreement providing for annual compensation to any individual in excess of $200,000, other than Contracts with German employees substantially in the form of the Company’s standard Contract for such employees attached to Part 2.9(a) of the Company Disclosure Schedule; (ii) any Contract: (A) with any works council, labor union or similar organization or body; (B) pursuant to which any of the Acquired Corporations is or may become obligated to make any severance, termination or similar payment to any Company Associate or any spouse, heir or Representative of any Company Associate; (C) pursuant to which any of the Acquired Corporations",per_share,REPRESENTATIONS AND WARRANTIES OF THE COMPANY 5 2.1 Subsidiaries; Due Organization; Qualification to do Business 6 2.2 Articles of Incorporation and Bylaws 6 2.3 Capitalization; Rights to Acquire Stock 7 2.4 SEC Filings; Financial Statements 9 2.5 Absence of Changes 11 2.6 Title to Assets 12 2.7 Real Property; Equipment; Real Property Leases 13 2.8 Intellectual Property 14 2.9 Contracts 18 2.10 Customers; Company Products; Services 21 2.11 Liabilities 22 2.12 Compliance with Legal Requirements; Certain Business Practices 23 2.13 Governmental Authorizations 23 2.14 Tax Matters 24 2.15 Employee and Labor Matters; Benefit Plans 26 2.16 Environmental Matters 32 2.17 Insurance 33 2.18 Transactions with Affiliates 34 2.19 Legal Proceedings; Orders 34 i.,Price relates to merger/equity consideration; IP is bundled.,6951,000095013406017127,,,,,945,cik+midpoint_fallback
likely_m&a_or_asset,856982,000110465909017964,a09-1365_2ex2d1.htm,EX-2.1,https://www.sec.gov/Archives/edgar/data/856982/000110465909017964/a09-1365_2ex2d1.htm,asset_sale_with_ip,business_unit,total_consideration,1,1,19013344.0,USD,"$19,013,344","(i) The purchase price for the Acquired Assets (the “Purchase Price” ) equals (A) the Assumed Liabilities plus (B) a cash amount (the “Cash Purchase Price” ), subject to 13 adjustment under Section 2(f) , equal to Nineteen Million Thirteen Thousand Three Hundred Forty-Four Dollars ($19,013,344).",total,"REPRESENTATIONS AND WARRANTIES OF SELLER 19 (a) Organization, Qualification; Corporate Power; Authorization 19 (b) [Reserved] 20 (c) Non-contravention 20 (d) Broker Fees 20 (e) Title to Acquired Assets; Accounts; Condition 21 (f) Subsidiaries 21 (g) Financial Statements 21 (h) Events Subsequent to Fiscal Month End 22 (i) Compliance 22 (j) Tax Matters 22 (k) Real Property 24 i TABLE OF CONTENTS (continued) Page (l) Intellectual Property 24 (m) Contracts 26 (n) Powers of Attorney 26 (o) Litigation 27 (p) Employee Benefits 27 (q) Environmental, Health and Safety Matters 28 (r) Insurance 29 (s) Employees 29 (t) Books and Records 30 (u) Assumptions or Guaranties of Indebtedness of Other Persons 30 (v) Certain Business Relationships with Seller 30 (w) Investments in Other Persons 31 (x) No Insol",Price relates to asset/business acquisition that includes IP/patents.,856982,000110465909017964,,,,,26,cik+midpoint_fallback
likely_m&a_or_asset,856982,000110465909037246,a09-14989_1ex2d1.htm,EX-2.1,https://www.sec.gov/Archives/edgar/data/856982/000110465909037246/a09-14989_1ex2d1.htm,asset_sale_with_ip,business_unit,total_consideration,1,1,21000000.0,USD,"$21,000,000","Subject to the terms and conditions of this Agreement, including, without limitation, the provisions of Section 2(d) below, as total consideration for the Acquired Assets, Buyer shall pay Seller an aggregate of Twenty-One Million Dollars ($21,000,000) (the “Purchase Price”), as follows: (i) (A) Buyer shall deliver to Seller at the Closing, by wire transfer in accordance with Seller’s wiring instructions, Fourteen Million Dollars ($14,000,000) less the escrowed amounts held pursuant to the Escrow Agreement among Buyer, Seller and Zions First National Bank, as escrow agent (“Zions”), and (B) Zions shall deliver to Seller at Closing, by wire transfer in accordance with Seller’s wiring instructions, all escrowed amounts held pursuant to such Escrow Agreement; and (ii) Buyer shall pay to Seller",total,"Representations and Warranties of Sellers 6 (a) Organization of Seller 6 (b) Authorization of Transaction 6 (c) Noncontravention 7 (d) Title to Assets; Sufficiency of Assets 7 (e) No Adverse Change 7 (f) Legal Compliance 7 (g) Intellectual Property 8 (h) Environmental, Health, and Safety Matters 10 (i) Contracts 11 (j) Litigation 12 (k) Product Warranty 12 (l) Product Liability 12 (m) Customers and Suppliers 12 (n) Pre-Closing Representations 12 (o) Broker Fees 13 (p) Disclaimer 13 4.",Price relates to asset/business acquisition that includes IP/patents.,856982,000110465909037246,,,,,26,cik+midpoint_fallback
likely_m&a_or_asset,875045,000087504517000007,ex21_separationxagreement.htm,EXHIBIT 2.1,https://www.sec.gov/Archives/edgar/data/875045/000087504517000007/ex21_separationxagreement.htm,financing,financing_securities,,0,0,,,,,,56 Section 10.19 Waiver of Jury Trial 57 Section 10.20 Severability 57 Section 10.21 Public Announcements 57 Section 10.22 Interpretation 58 Section 10.23 No Duplication; No Double Recovery 58 Section 10.24 No Waiver 58 Section 10.25 No Admission of Liability 58 List of Exhibits Exhibit A Employee Matters Agreement Exhibit B IP License Agreement Exhibit C Manufacturing and Supply Agreement Exhibit D Tax Matters Agreement Exhibit E Transition Services Agreement vi List of Schedules Schedule 1.1(12)(ii)(1) Registered Bioverativ Intellectual Property Schedule 1.1(12)(ii)(2) Other Bioverativ Intellectual Property Schedule 1.1(12)(vii) Bioverativ Contracts Schedule 1.1(12)(xiii) Other Bioverativ Assets Schedule 1.1(12)(xiv) Bioverativ Real Property Schedule 1.1(12)(xv) Bioverativ Tangible/Fixed,No explicit consideration sentence found in text. [Dropped: financing],875045,000087504517000007,,,,,143,cik+midpoint_fallback
likely_m&a_or_asset,899923,000119312509145168,dex21.htm,SEPARATION AND DISTRIBUTION AGREEMENT,https://www.sec.gov/Archives/edgar/data/899923/000119312509145168/dex21.htm,financing,financing_securities,,0,0,,,,,,"“ Assets ” shall mean assets, properties, claims and rights (including goodwill), wherever located (including in the possession of vendors or other Third Parties or elsewhere on behalf of the owner), of every kind, character and description, whether real, personal or mixed, tangible, intangible or contingent, in each case whether or not recorded or reflected or required to be recorded or reflected on the records or financial statements of any Person, including the following: (i) all accounting and other legal and business books, records, ledgers and files, whether printed, electronic or written; (ii) all computers and other electronic data processing and communications equipment, fixtures, machinery, equipment (including, without limitation, all laboratory equipment and related materials),",No explicit consideration sentence found in text. [Dropped: financing],899923,000119312509145168,,,,,902,cik+midpoint_fallback
likely_m&a_or_asset,911177,000110465911012173,a11-5937_1ex2d1.htm,EX-2.1,https://www.sec.gov/Archives/edgar/data/911177/000110465911012173/a11-5937_1ex2d1.htm,asset_sale_with_ip,business_unit,total_consideration,1,1,2.5,USD,$2.5,"In the event that such capital expenditures are less than $2.5 million, such shortfall will be deducted from the Initial Purchase Price and the Final Purchase Price, and if such capital expenditures exceed $2.5 million, such excess amount will be added to the Initial Purchase Price and the Final Purchase Price.",total,"DATED AS OF JANUARY 23, 2011 TABLE OF CONTENTS Page ARTICLE I DEFINITIONS 1 Section 1.1 Definitions 1 Section 1.2 Additional Defined Terms 13 Section 1.3 Construction 13 Section 1.4 Annexes, Exhibits and the Disclosure Letters 14 Section 1.5 Knowledge 14 ARTICLE II SALE OF EQUITY INTERESTS 14 Section 2.1 Purchase and Sale of Equity Interests 14 ARTICLE III PURCHASE PRICE AND ADJUSTMENTS 14 Section 3.1 Purchase Price; Delivery of Funds; Payment of Indebtedness, FCR Transaction Expenses 14 Section 3.2 Determination of Purchase Price Adjustment 15 Section 3.3 Closing; Closing Deliverables 17 Section 3.4 Limited Withholding Rights; Allocation of Purchase Price 19 Section 3.5 Tax Treatment of Payments 20 ARTICLE IV REPRESENTATIONS AND WARRANTIES OF SELLERS 20 Section 4.1 Due Organization, Good ",Price relates to asset/business acquisition that includes IP/patents.,911177,000110465911012173,,,,,208,cik+midpoint_fallback
m&a_agreement,78003,000091412109000324,pf11518635-ex2_1.txt,AGREEMENT AND PLAN OF MERGER,https://www.sec.gov/Archives/edgar/data/78003/000091412109000324/pf11518635-ex2_1.txt,merger_equity,entire_firm,per_share_consideration,1,1,2.0,USD,$2,"Without limiting the generality of the foregoing, and as an extension thereof, except as specifically permitted by any other provision of this Agreement (or as set forth in Section 5.1 of the Company Disclosure Letter) or required by applicable Law or the regulations or requirements of any stock exchange or regulatory organization applicable to the Company, or the terms of any Contract binding upon the Company or any of its Subsidiaries, the compliance with which shall not cause the Company to be in material non-compliance with this Section 5.1, the Company shall not, and shall not permit any of its Subsidiaries to, from the date of this Agreement until the Effective Time, directly or indirectly, do, or agree to do, any of the following without the prior written consent of Parent (not to b",per_share,"and WYETH Dated as of January 25, 2009 ================================================================================ TABLE OF CONTENTS Page ARTICLE I THE MERGER Section 1.1 The Merger.....................................................1 Section 1.2 Closing........................................................1 Section 1.3 Effective Time.................................................2 Section 1.4 Effects of the Merger..........................................2 Section 1.5 Bylaws.........................................................2 Section 1.6 Certificate of Incorporation...................................2 Section 1.7 Officers and Directors.........................................2 Section 1.8 Effect on Capital Stock........................................2 Section 1.9 Company ",Price relates to merger/equity consideration; IP is bundled.,78003,000091412109000324,,,,,976,cik+midpoint_fallback
